bed_time,rise_time,times_woke_up,deep_sleep_perc,light_sleep_perc,rem_sleep_perc,night_sleep,times_woke_up_perc,total_steps,total_steps_perc
2020-7-12 01:30:00,2020-7-13 10:26:00,2,24,45,31,8:53:00,25,13698,136.98
2020-7-13 00:31:00,2020-7-14 08:26:00,2,26,59,15,7:35:00,25,4346,43.46
2020-7-14 00:45:00,2020-7-15 07:59:00,1,22,58,20,7:01:00,13,9917,99.17
2020-7-15 00:11:00,2020-7-16 09:38:00,3,18,59,23,9:02:00,38,3334,33.34
2020-7-16 00:35:00,2020-7-17 08:34:00,2,18,64,18,7:56:00,25,9419,94.19
2020-7-17 00:37:00,2020-7-18 09:07:00,3,20,56,24,8:21:00,38,3212,32.12
2020-7-18 01:26:00,2020-7-19 11:40:00,3,23,57,20,9:44:00,38,15819,158.19
2020-7-19 01:44:00,2020-7-20 11:45:00,2,20,57,23,9:43:00,25,7575,75.75
2020-7-20 00:29:00,2020-7-21 08:31:00,1,30,44,26,7:58:00,13,7083,70.83
2020-7-21 00:48:00,2020-7-22 09:31:00,2,25,58,17,8:24:00,25,5293,52.93
2020-7-22 00:40:00,2020-7-23 09:16:00,1,22,53,25,8:25:00,13,9445,94.45
2020-7-23 00:39:00,2020-7-24 09:43:00,2,24,60,16,8:48:00,25,5787,57.87
2020-7-24 23:50:00,2020-7-25 09:50:00,3,17,17,21,9:24:00,38,2429,24.29
2020-7-25 00:04:00,2020-7-26 02:02:00,2,18,66,16,9:38:00,25,14366,143.66
2020-7-26 01:16:00,2020-7-27 11:02:00,3,19,58,23,9:40:00,38,9631,96.31
2020-7-27 00:17:00,2020-7-28 10:00:00,5,22,47,31,9:14:00,63,2509,25.09
2020-7-28 00:14:00,2020-7-29 09:59:00,3,22,55,23,9:18:00,38,6905,69.05
2020-7-29 00:26:00,2020-7-30 10:02:00,3,22,55,23,9:29:00,38,6321,63.21
2020-7-30 00:30:00,2020-8-1 08:56:00,2,20,59,21,8:16:00,25,3781,37.81
2020-8-1 00:34:00,2020-8-2 10:01:00,3,25,45,30,8:53:00,38,3586,35.86
2020-8-2 00:23:00,2020-8-3 11:14:00,4,22,63,15,10:17:00,50,3301,33.01
2020-8-3 23:53:00,2020-8-4 09:10:00,3,21,63,16,9:50:00,38,2956,29.56
2020-8-4 00:28:00,2020-8-5 08:35:00,3,19,58,23,7:48:00,38,4059,40.59
2020-8-5 00:28:00,2020-8-6 09:14:00,2,25,59,16,8:33:00,25,3674,36.74
2020-8-6 00:25:00,2020-8-7 09:42:00,2,17,57,26,9:08:00,25,2560,25.6
2020-8-7 00:46:00,2020-8-8 09:01:00,4,30,42,28,7:54:00,50,2725,27.25
2020-8-8 01:30:00,2020-8-9 11:01:00,2,23,50,27,9:21:00,25,7741,77.41
2020-8-9 01:12:00,2020-8-10 12:03:00,2,15,61,24,9:41:00,25,3829,38.29
2020-8-10 00:00:00,2020-8-11 09:08:00,2,32,43,25,8:53:00,25,6963,69.63
2020-8-11 00:12:00,2020-8-13 09:31:00,5,25,53,22,9:02:00,63,4976,49.76
2020-8-13 23:21:00,2020-8-14 07:28:00,1,20,63,17,5:36:00,13,7819,78.19
2020-8-14 23:50:00,2020-8-15 10:55:00,2,22,59,19,7:45:00,25,7431,74.31
2020-8-15 01:15:00,2020-8-16 10:37:00,2,22,61,17,10:41:00,25,5283,52.83
2020-8-16 00:26:00,2020-8-17 08:45:00,2,16,65,19,9:06:00,25,10286,102.86
2020-8-17 23:23:00,2020-8-18 09:59:00,6,14,61,25,7:50:00,75,4736,47.36
2020-8-18 00:54:00,2020-8-19 08:58:00,3,17,61,22,10:23:00,38,6016,60.16
2020-8-19 00:32:00,2020-8-20 07:52:00,4,18,56,26,7:43:00,50,9167,91.67
2020-8-20 00:37:00,2020-8-21 09:47:00,1,29,45,26,6:57:00,13,9572,95.72
2020-8-21 01:31:00,2020-8-22 10:48:00,4,18,55,27,8:44:00,50,4488,44.88
2020-8-22 10:18:00,2020-8-23 01:06:00,3,25,52,23,9:06:00,38,12515,125.15
2020-8-23 00:25:00,2020-8-24 10:00:00,2,22,56,22,8:54:00,25,2009,20.09
2020-8-24 00:47:00,2020-8-26 09:43:00,4,29,43,28,9:08:00,50,2796,27.96
2020-8-26 00:11:00,2020-8-27 09:29:00,3,26,54,20,8:19:00,38,3945,39.45
2020-8-27 00:29:00,2020-8-28 07:29:00,4,18,60,22,9:04:00,50,3763,37.63
2020-8-28 23:53:00,2020-8-29 10:13:00,2,30,41,29,6:55:00,25,6873,68.73
2020-8-29 00:53:00,2020-8-30 10:27:00,2,22,50,28,9:55:00,25,4305,43.05
2020-8-30 23:56:00,2020-8-31 08:54:00,3,35,42,23,9:19:00,38,4157,41.57
2020-8-31 01:28:00,2020-9-1 07:18:00,6,26,57,17,8:32:00,75,4832,48.32
2020-9-1 00:32:00,2020-9-2 10:04:00,3,19,58,23,9:11:00,38,2505,25.05
2020-9-2 00:07:00,2020-9-4 06:55:00,2,21,64,15,6:17:00,25,7719,77.19
2020-9-4 00:26:00,2020-9-6 08:55:00,4,15,56,29,8:04:00,50,2503,25.03
2020-9-6 01:50:00,2020-9-7 09:57:00,1,27,45,28,8:06:00,13,4029,40.29
2020-9-7 00:12:00,2020-9-8 08:44:00,3,19,59,22,8:12:00,38,4476,44.76
2020-9-8 00:26:00,2020-9-9 07:31:00,2,29,43,28,7:00:00,25,6531,65.31
2020-9-9 00:57:00,2020-9-10 08:37:00,2,19,55,26,7:23:00,25,7055,70.55
2020-9-10 00:49:00,2020-9-11 07:58:00,1,15,65,20,7:03:00,13,9995,99.95
2020-9-11 00:21:00,2020-9-12 09:00:00,3,9,56,35,8:24:00,38,4608,46.08
2020-9-12 01:39:00,2020-9-13 11:25:00,3,13,71,16,9:33:00,38,3210,32.1
2020-9-13 23:49:00,2020-9-14 09:34:00,4,19,53,28,9:16:00,50,3097,30.97
2020-9-14 00:48:00,2020-9-15 08:35:00,3,18,49,33,7:38:00,38,3639,36.39
2020-9-15 00:48:00,2020-9-16 08:35:00,3,18,49,33,7:38:00,38,7561,75.61
2020-9-16 01:17:00,2020-9-17 08:59:00,2,16,47,37,7:32:00,25,3556,35.56
2020-9-17 22:54:00,2020-9-18 09:24:00,4,17,60,23,8:53:00,50,7152,71.52
2020-9-18 00:40:00,2020-9-19 09:18:00,3,26,49,25,7:45:00,38,3651,36.51
2020-9-19 00:43:00,2020-9-20 11:33:00,2,30,41,29,10:35:00,25,4069,40.69
2020-9-20 01:16:00,2020-9-21 11:41:00,5,16,61,23,8:55:00,63,2149,21.49
2020-9-21 01:10:00,2020-9-22 09:30:00,4,15,48,37,7:50:00,50,3028,30.28
2020-9-22 00:39:00,2020-9-23 08:06:00,4,21,57,22,7:15:00,50,11084,110.84
2020-9-23 23:28:00,2020-9-24 07:47:00,2,16,69,15,8:32:00,25,6280,62.8
2020-9-24 00:30:00,2020-9-25 11:10:00,2,14,64,22,11:23:00,25,12018,120.18
2020-9-25 11:23:00,2020-9-26 01:53:00,3,27,43,30,10:12:00,38,4915,49.15
2020-9-26 00:13:00,2020-9-27 11:52:00,4,20,57,23,8:53:00,50,4048,40.48
2020-9-27 01:34:00,2020-9-28 11:07:00,2,16,58,26,9:07:00,25,13801,138.01
2020-9-28 01:05:00,2020-9-29 10:19:00,5,21,54,25,8:41:00,63,5384,53.84
2020-9-29 00:06:00,2020-9-30 08:34:00,3,23,64,13,8:15:00,38,11088,110.88
2020-9-30 00:39:00,2020-10-1 09:19:00,2,18,54,28,8:29:00,25,10991,109.91
2020-10-1 00:35:00,2020-10-2 08:15:00,3,24,60,16,7:25:00,38,7375,73.75
2020-10-2 00:16:00,2020-10-3 08:37:00,1,30,41,29,8:18:00,13,6775,67.75
2020-10-3 00:50:00,2020-10-4 09:54:00,3,33,40,27,8:31:00,38,8239,82.39
2020-10-4 00:27:00,2020-10-5 10:08:00,3,19,59,22,9:04:00,38,11218,112.18
2020-10-5 00:22:00,2020-10-6 08:35:00,4,20,69,11,7:59:00,50,7230,72.3
2020-10-6 00:19:00,2020-10-7 08:33:00,2,16,59,25,8:05:00,25,9363,93.63
2020-10-7 00:19:00,2020-10-8 09:11:00,2,18,56,26,8:22:00,25,6740,67.4
2020-10-8 23:38:00,2020-10-9 08:46:00,3,17,63,20,9:16:00,38,4936,49.36
2020-10-9 23:18:00,2020-10-10 08:46:00,3,27,44,29,8:42:00,38,2557,25.57
2020-10-10 01:03:00,2020-10-12 10:33:00,3,22,45,33,9:11:00,38,2391,23.91
2020-10-12 00:06:00,2020-10-13 08:24:00,4,17,44,39,7:57:00,50,7796,77.96
2020-10-13 00:43:00,2020-10-14 08:24:00,4,16,62,22,7:27:00,50,7892,78.92
2020-10-14 00:20:00,2020-10-15 08:41:00,4,32,41,27,8:01:00,50,8339,83.39
2020-10-15 00:01:00,2020-10-16 08:50:00,2,16,49,35,8:38:00,25,7333,73.33
2020-10-16 23:52:00,2020-10-17 08:42:00,4,16,67,17,8:16:00,50,7121,71.21
2020-10-17 01:30:00,2020-10-18 10:41:00,2,19,65,16,8:44:00,25,10155,101.55
2020-10-18 01:21:00,2020-10-19 10:45:00,2,16,61,23,9:06:00,25,16790,167.9
2020-10-19 00:10:00,2020-10-20 08:35:00,5,13,61,26,8:06:00,63,517,5.17
2020-10-20 00:35:00,2020-10-21 08:29:00,2,20,58,22,7:51:00,25,5521,55.21
2020-10-21 00:24:00,2020-10-22 08:30:00,1,19,61,20,7:57:00,13,7228,72.28
2020-10-22 00:24:00,2020-10-24 09:31:00,2,17,63,20,7:58:00,25,10696,106.96
2020-10-24 23:13:00,2020-10-25 07:22:00,3,18,62,20,7:42:00,38,10424,104.24
2020-10-25 23:36:00,2020-10-26 06:50:00,3,29,41,30,6:58:00,38,2850,28.5
2020-10-26 22:42:00,2020-10-27 08:23:00,3,12,54,34,8:35:00,38,6068,60.68
2020-10-27 23:18:00,2020-10-28 08:00:00,1,15,61,24,9:27:00,13,6628,66.28
2020-10-28 23:11:00,2020-10-29 08:30:00,2,24,55,21,9:00:00,25,3221,32.21
2020-10-29 00:04:00,2020-10-30 07:35:00,3,31,41,28,7:12:00,38,7128,71.28
2020-10-30 23:16:00,2020-10-31 08:29:00,1,18,48,34,9:05:00,13,4135,41.35
2020-10-31 23:30:00,2020-11-1 08:30:00,4,18,63,19,8:52:00,50,8737,87.37
2020-11-1 23:44:00,2020-11-3 08:30:00,3,20,56,24,8:25:00,38,4473,44.73
2020-11-3 23:06:00,2020-11-4 07:29:00,2,19,60,21,8:05:00,25,4261,42.61
2020-11-4 23:14:00,2020-11-5 07:42:00,3,14,60,26,8:12:00,38,4395,43.95
2020-11-5 22:41:00,2020-11-6 07:51:00,2,12,60,28,8:55:00,25,5369,53.69
2020-11-6 23:18:00,2020-11-7 07:48:00,3,14,59,27,8:21:00,38,6719,67.19
2020-11-7 23:47:00,2020-11-8 08:59:00,3,15,61,24,8:42:00,38,7899,78.99
2020-11-8 00:37:00,2020-11-9 09:00:00,2,17,54,29,8:05:00,25,5899,58.99
2020-11-9 23:34:00,2020-11-10 08:16:00,2,18,59,23,8:36:00,25,2684,26.84
2020-11-10 23:20:00,2020-11-11 08:01:00,3,22,61,17,8:01:00,38,6117,61.17
2020-11-11 23:49:00,2020-11-12 08:09:00,4,19,62,19,7:34:00,50,2492,24.92
2020-11-12 23:29:00,2020-11-13 07:59:00,2,24,50,26,8:12:00,25,4028,40.28
2020-11-13 00:37:00,2020-11-14 08:07:00,2,13,64,19,7:15:00,25,5482,54.82
2020-11-14 23:51:00,2020-11-16 08:16:00,2,18,49,33,7:47:00,25,7300,73
2020-11-16 00:24:00,2020-11-17 08:57:00,2,15,49,36,8:14:00,25,4414,44.14
2020-11-17 00:13:00,2020-11-19 07:58:00,2,21,57,22,7:37:00,25,8303,83.03
2020-11-19 00:12:00,2020-11-20 08:16:00,4,12,68,20,7:33:00,50,4789,47.89
2020-11-20 00:06:00,2020-11-21 08:01:00,2,17,58,25,7:47:00,25,4145,41.45
2020-11-21 00:56:00,2020-11-22 10:01:00,1,23,47,30,8:55:00,13,8931,89.31
2020-11-22 00:59:00,2020-11-23 08:59:00,2,21,61,18,7:50:00,25,4798,47.98
2020-11-23 23:14:00,2020-11-25 08:14:00,2,28,49,23,8:38:00,25,5254,52.54
2020-11-25 00:13:00,2020-11-26 08:18:00,4,18,56,26,7:40:00,50,3397,33.97
2020-11-26 01:36:00,2020-11-27 09:59:00,1,14,58,28,7:13:00,13,4532,45.32
2020-11-27 23:20:00,2020-11-28 07:58:00,2,19,59,22,8:21:00,25,5598,55.98
2020-11-28 00:52:00,2020-11-29 10:06:00,3,19,61,20,8:19:00,38,7094,70.94
2020-11-29 00:06:00,2020-12-1 08:34:00,2,19,52,29,8:16:00,25,2451,24.51
2020-12-1 01:01:00,2020-12-2 08:52:00,1,14,52,34,7:25:00,13,2426,24.26
2020-12-2 23:39:00,2020-12-3 08:12:00,1,24,43,33,8:31:00,13,2977,29.77
2020-12-3 23:05:00,2020-12-4 08:15:00,2,15,64,21,8:50:00,25,9535,95.35
2020-12-4 23:46:00,2020-12-5 08:10:00,3,16,66,18,8:08:00,38,2688,26.88
2020-12-5 00:44:00,2020-12-6 08:00:00,2,11,64,25,7:02:00,25,8218,82.18
2020-12-6 00:40:00,2020-12-8 10:36:00,3,13,66,21,9:45:00,38,4486,44.86
2020-12-8 23:22:00,2020-12-9 09:38:00,2,16,59,25,10:11:00,25,6341,63.41
2020-12-9 23:31:00,2020-12-11 06:11:00,1,20,46,34,6:34:00,13,4160,41.6
2020-12-11 00:38:00,2020-12-12 09:07:00,4,12,64,24,8:06:00,50,8853,88.53
2020-12-12 23:36:00,2020-12-13 08:26:00,2,13,52,35,8:34:00,25,4740,47.4
2020-12-13 23:04:00,2020-12-14 07:26:00,2,20,48,32,8:15:00,25,5794,57.94
2020-12-14 23:15:00,2020-12-15 07:41:00,3,20,51,29,8:12:00,38,2221,22.21
2020-12-15 23:25:00,2020-12-16 08:08:00,1,17,48,35,8:38:00,13,4811,48.11
2020-12-16 23:51:00,2020-12-17 09:46:00,1,7,71,22,8:52:00,13,3914,39.14
2020-12-17 23:56:00,2020-12-18 08:21:00,2,16,59,25,7:59:00,25,7820,78.2
2020-12-18 23:44:00,2020-12-20 08:48:00,3,24,42,34,8:48:00,38,2747,27.47
2020-12-20 00:44:00,2020-12-21 10:29:00,4,26,43,31,9:30:00,50,4785,47.85
2020-12-21 00:10:00,2020-12-22 08:23:00,2,20,62,18,8:00:00,25,5684,56.84
2020-12-22 00:34:00,2020-12-23 08:59:00,2,23,47,30,8:17:00,25,4654,46.54
2020-12-23 23:30:00,2020-12-24 09:40:00,4,14,66,20,9:30:00,50,3592,35.92
2020-12-24 00:20:00,2020-12-25 08:31:00,2,13,62,25,7:49:00,25,3867,38.67
2020-12-25 01:12:00,2020-12-27 10:46:00,3,21,46,33,8:42:00,38,3338,33.38
2020-12-27 11:23:00,2020-12-28 01:41:00,3,5,60,23,9:05:00,38,3873,38.73
2020-12-28 00:55:00,2020-12-29 10:29:00,3,17,50,33,9:17:00,38,12830,128.3
2020-12-29 10:41:00,2020-12-30 02:10:00,2,19,55,26,8:21:00,25,5662,56.62
2020-12-30 00:42:00,2020-12-31 07:18:00,3,14,69,17,6:15:00,38,4061,40.61
2020-12-31 01:10:00,2021-1-3 09:58:00,4,11,70,19,8:35:00,50,3658,36.58
2021-1-3 03:10:00,2021-1-4 10:40:00,1,10,64,26,7:27:00,13,,0
2021-1-4 00:27:00,2021-1-5 07:47:00,1,14,66,20,7:04:00,13,4933,49.33
2021-1-5 00:44:00,2021-1-6 07:29:00,2,12,73,15,6:40:00,25,6469,64.69
2021-1-6 00:24:00,2021-1-7 08:23:00,3,24,57,19,7:47:00,38,6018,60.18
2021-1-7 00:28:00,2021-1-8 08:11:00,3,29,45,26,7:22:00,38,4841,48.41
2021-1-8 22:45:00,2021-1-9 06:01:00,2,22,63,15,6:48:00,25,4258,42.58
2021-1-9 02:02:00,2021-1-10 11:43:00,2,13,67,20,9:10:00,25,3816,38.16
2021-1-10 00:45:00,2021-1-11 10:04:00,2,18,60,22,9:16:00,25,2199,21.99
2021-1-11 03:16:00,2021-1-12 06:45:00,0,13,65,22,3:29:00,0,3021,30.21
2021-1-12 00:19:00,2021-1-14 08:12:00,2,15,60,25,7:50:00,25,3656,36.56
2021-1-14 23:37:00,2021-1-15 07:20:00,1,11,69,20,7:42:00,13,5240,52.4
2021-1-15 00:00:00,2021-1-16 08:25:00,3,20,54,26,8:18:00,38,3235,32.35
2021-1-16 23:30:00,2021-1-17 10:10:00,3,14,59,27,10:19:00,38,4772,47.72
2021-1-17 00:25:00,2021-1-18 10:16:00,3,15,65,20,9:24:00,38,3877,38.77
2021-1-18 23:06:00,2021-1-20 06:57:00,4,15,69,16,7:19:00,50,5077,50.77
2021-1-20 00:00:00,2021-1-21 07:50:00,2,18,59,23,7:44:00,25,3777,37.77
2021-1-21 00:09:00,2021-1-22 07:30:00,1,15,55,30,7:11:00,13,6367,63.67
2021-1-22 00:35:00,2021-1-23 08:15:00,2,8,71,21,7:29:00,25,1666,16.66
2021-1-23 23:45:00,2021-1-24 10:30:00,2,22,52,26,10:07:00,25,4749,47.49
2021-1-24 01:26:00,2021-1-25 09:19:00,1,13,57,30,7:49:00,13,3898,38.98
2021-1-25 23:18:00,2021-1-26 07:01:00,2,24,46,30,7:32:00,25,2704,27.04
2021-1-26 23:32:00,2021-1-27 08:01:00,2,15,61,24,8:19:00,25,5180,51.8
2021-1-27 23:22:00,2021-1-28 07:47:00,2,20,58,22,8:19:00,25,3021,30.21
2021-1-28 23:26:00,2021-1-29 08:09:00,1,13,58,29,8:19:00,13,5774,57.74
2021-1-29 23:07:00,2021-1-30 07:02:00,1,17,55,28,7:54:00,13,6114,61.14
2021-1-30 00:44:00,2021-1-31 08:53:00,1,17,55,28,8:06:00,13,6296,62.96
2021-1-31 01:00:00,2021-2-1 08:58:00,3,10,69,21,7:51:00,38,6610,66.1
2021-2-1 22:07:00,2021-2-2 06:29:00,2,16,60,24,8:08:00,25,5948,59.48
2021-2-2 23:24:00,2021-2-3 08:03:00,3,22,55,23,8:32:00,38,3284,32.84
2021-2-3 23:11:00,2021-2-4 07:22:00,1,14,61,25,8:02:00,13,4141,41.41
2021-2-4 23:10:00,2021-2-5 08:30:00,4,17,64,19,8:48:00,50,5779,57.79
2021-2-5 23:25:00,2021-2-6 07:17:00,1,11,73,16,7:48:00,13,5885,58.85
2021-2-6 23:14:00,2021-2-8 09:32:00,4,14,52,34,9:59:00,50,10196,101.96
2021-2-8 23:28:00,2021-2-9 07:45:00,1,17,63,20,8:15:00,13,4086,40.86
2021-2-9 23:41:00,2021-2-10 07:51:00,4,11,70,19,8:03:00,50,7857,78.57
2021-2-10 22:57:00,2021-2-11 07:58:00,3,16,58,26,8:22:00,38,3264,32.64
2021-2-11 23:30:00,2021-2-12 07:53:00,3,13,63,24,7:58:00,38,6604,66.04
2021-2-12 23:31:00,2021-2-13 08:28:00,3,9,61,30,8:42:00,38,4122,41.22
2021-2-13 00:26:00,2021-2-14 08:43:00,2,15,55,30,8:09:00,25,7184,71.84
2021-2-14 00:28:00,2021-2-15 08:35:00,2,25,49,26,7:53:00,25,3861,38.61
2021-2-15 00:28:00,2021-2-16 05:54:00,2,20,49,31,5:11:00,25,5081,50.81
2021-2-16 23:31:00,2021-2-17 08:03:00,2,11,61,28,8:25:00,25,3429,34.29
2021-2-17 23:13:00,2021-2-18 07:51:00,2,17,58,25,8:30:00,25,3157,31.57
2021-2-18 23:31:00,2021-2-19 08:00:00,4,9,74,17,8:14:00,50,7365,73.65
2021-2-19 23:29:00,2021-2-20 09:32:00,2,27,46,27,9:28:00,25,8900,89
2021-2-20 23:25:00,2021-2-21 07:50:00,2,24,60,16,8:21:00,25,5845,58.45
2021-2-21 00:04:00,2021-2-22 09:29:00,4,11,64,25,9:07:00,50,8992,89.92
2021-2-22 23:37:00,2021-2-23 08:28:00,3,24,53,23,7:24:00,38,3929,39.29
2021-2-23 23:19:00,2021-2-24 08:00:00,3,15,63,22,8:35:00,38,4568,45.68
2021-2-24 20:00:00,2021-2-25 06:21:00,0,1,75,24,22:21:00,0,1365,13.65
2021-2-25 23:19:00,2021-2-26 08:01:00,2,19,61,20,8:26:00,25,5507,55.07
2021-2-26 23:50:00,2021-2-28 06:52:00,2,19,47,34,6:57:00,25,8465,84.65
2021-2-28 01:20:00,2021-3-2 10:23:00,2,13,65,22,8:52:00,25,4842,48.42
2021-3-2 00:09:00,2021-3-3 07:00:00,1,21,47,32,6:43:00,13,4384,43.84
2021-3-3 23:38:00,2021-3-4 08:10:00,3,15,61,24,8:24:00,38,2146,21.46
2021-3-4 23:51:00,2021-3-5 07:01:00,1,21,51,28,7:06:00,13,8900,89
2021-3-5 23:27:00,2021-3-6 07:24:00,2,14,58,28,7:44:00,25,11731,117.31
2021-3-6 02:54:00,2021-3-7 09:34:00,3,16,68,16,9:15:00,38,7504,75.04
2021-3-7 00:47:00,2021-3-8 11:27:00,4,28,40,32,10:14:00,50,11919,119.19
2021-3-8 23:31:00,2021-3-9 08:10:00,6,19,58,23,7:47:00,75,2766,27.66
2021-3-9 23:44:00,2021-3-10 08:01:00,4,16,60,24,8:02:00,50,2884,28.84
2021-3-10 23:59:00,2021-3-11 08:00:00,3,16,62,22,7:55:00,38,1988,19.88
2021-3-11 23:33:00,2021-3-12 08:50:00,4,14,60,26,8:46:00,50,5631,56.31
2021-3-12 23:55:00,2021-3-15 06:55:00,2,25,50,25,6:41:00,25,5007,50.07
2021-3-15 23:43:00,2021-3-16 06:36:00,1,15,47,38,6:52:00,13,6892,68.92
2021-3-16 23:26:00,2021-3-17 07:59:00,2,23,50,27,8:14:00,25,4029,40.29
2021-3-17 23:32:00,2021-3-18 07:01:00,3,14,65,21,7:12:00,38,3390,33.9
2021-3-18 23:31:00,2021-3-19 08:00:00,3,16,60,24,8:21:00,38,5151,51.51
2021-3-19 23:34:00,2021-3-20 07:14:00,4,18,65,17,7:20:00,50,5042,50.42
2021-3-20 00:26:00,2021-3-23 09:12:00,2,16,59,25,8:29:00,25,4769,47.69
2021-3-23 23:29:00,2021-3-24 08:22:00,3,30,41,29,7:56:00,38,5066,50.66
2021-3-24 23:44:00,2021-3-25 06:22:00,2,16,67,17,6:25:00,25,3810,38.1
2021-3-25 23:50:00,2021-3-26 07:20:00,1,17,57,26,7:22:00,13,8295,82.95
2021-3-26 02:06:00,2021-3-29 09:10:00,2,18,57,25,7:00:00,25,2698,26.98
2021-3-29 22:57:00,2021-3-30 08:14:00,3,23,60,17,8:29:00,38,9863,98.63
2021-3-30 00:20:00,2021-4-2 07:29:00,4,19,60,21,6:53:00,50,8746,87.46
2021-4-2 00:09:00,2021-4-3 08:38:00,5,18,56,26,8:09:00,63,10627,106.27
2021-4-3 23:51:00,2021-4-6 10:01:00,2,13,63,24,10:02:00,25,2920,29.2
2021-4-6 01:46:00,2021-4-7 08:58:00,3,19,53,28,6:53:00,38,7499,74.99
2021-4-7 23:58:00,2021-4-8 09:32:00,2,13,58,29,9:19:00,25,10129,101.29
2021-4-8 00:31:00,2021-4-9 09:20:00,2,20,59,21,8:11:00,25,7936,79.36
2021-4-9 00:21:00,2021-4-10 09:10:00,1,27,46,27,8:38:00,13,11022,110.22
2021-4-10 00:54:00,2021-4-11 09:29:00,2,23,59,18,8:01:00,25,5824,58.24
2021-4-11 01:08:00,2021-4-12 09:50:00,1,18,64,18,8:18:00,13,19359,193.59
2021-4-12 00:45:00,2021-4-15 08:15:00,2,17,53,30,6:59:00,25,2147,21.47
2021-4-15 00:53:00,2021-4-17 09:22:00,1,16,65,19,8:11:00,13,3081,30.81
2021-4-17 00:05:00,2021-4-18 09:01:00,3,16,61,23,8:34:00,38,8427,84.27
2021-4-18 00:19:00,2021-4-19 09:36:00,2,20,57,23,9:01:00,25,4326,43.26
2021-4-19 20:59:00,2021-4-20 11:49:00,0,1,96,3,14:50:00,0,2218,22.18
2021-4-20 00:13:00,2021-4-21 08:45:00,3,16,65,19,8:00:00,38,5157,51.57
2021-4-21 00:09:00,2021-4-22 09:04:00,3,20,64,16,8:33:00,38,2093,20.93
2021-4-22 23:46:00,2021-4-23 07:56:00,1,22,65,13,8:06:00,13,7171,71.71
2021-4-23 23:42:00,2021-4-24 08:41:00,3,17,62,21,8:28:00,38,9476,94.76
2021-4-24 00:11:00,2021-4-25 10:16:00,1,18,62,20,9:32:00,13,14468,144.68
2021-4-25 23:56:00,2021-4-26 09:49:00,1,30,41,29,9:25:00,13,5014,50.14
2021-4-26 23:33:00,2021-4-27 07:56:00,2,17,69,14,7:51:00,25,5662,56.62
2021-4-27 00:10:00,2021-4-28 08:49:00,2,19,56,25,8:25:00,25,3116,31.16
2021-4-28 23:56:00,2021-4-29 08:30:00,1,20,60,20,8:09:00,13,4580,45.8
2021-4-29 23:59:00,2021-4-30 10:15:00,3,16,62,22,9:35:00,38,8453,84.53
2021-4-30 23:18:00,2021-5-1 08:14:00,2,22,59,19,8:20:00,25,7572,75.72
2021-5-1 00:13:00,2021-5-2 09:12:00,2,30,43,27,8:38:00,25,10838,108.38
2021-5-2 21:14:00,2021-5-3 10:00:00,4,18,64,18,11:47:00,50,7034,70.34
2021-5-3 00:08:00,2021-5-4 08:13:00,2,19,60,21,7:32:00,25,8442,84.42
2021-5-4 23:28:00,2021-5-5 09:44:00,1,32,44,24,10:07:00,13,7165,71.65
2021-5-5 23:31:00,2021-5-7 08:50:00,5,21,59,20,8:51:00,63,8075,80.75
2021-5-7 22:19:00,2021-5-8 08:36:00,2,17,62,21,10:05:00,25,4136,41.36
2021-5-8 00:28:00,2021-5-9 09:02:00,3,15,66,19,8:10:00,38,11124,111.24
2021-5-9 00:02:00,2021-5-10 10:40:00,4,12,62,26,10:06:00,50,10919,109.19
2021-5-10 22:56:00,2021-5-11 03:58:00,1,28,53,19,4:42:00,13,5228,52.28
2021-5-11 22:09:00,2021-5-12 03:59:00,1,32,42,26,5:48:00,13,8512,85.12
2021-5-12 22:08:00,2021-5-13 08:33:00,3,14,63,23,10:06:00,38,6972,69.72
2021-5-13 22:18:00,2021-5-14 04:32:00,3,25,61,14,6:03:00,38,9177,91.77
2021-5-14 22:49:00,2021-5-16 09:13:00,3,20,62,18,10:13:00,38,641,6.41
2021-5-16 23:34:00,2021-5-17 09:30:00,1,14,60,26,9:49:00,13,17747,177.47
2021-5-17 23:03:00,2021-5-18 04:09:00,1,28,44,28,5:02:00,13,3957,39.57
2021-5-18 22:46:00,2021-5-19 06:47:00,1,35,39,26,7:59:00,13,2563,25.63
2021-5-19 23:21:00,2021-5-21 03:56:00,0,13,62,25,4:35:00,0,4384,43.84
2021-5-21 23:12:00,2021-5-20 08:36:00,4,17,50,33,8:50:00,50,6355,63.55
2021-5-20 22:28:00,2021-5-22 07:18:00,2,30,44,26,8:28:00,25,3381,33.81
2021-5-22 23:27:00,2021-5-24 09:23:00,1,28,49,23,9:36:00,13,6521,65.21
2021-5-24 23:26:00,2021-5-25 04:00:00,1,15,63,22,4:32:00,13,3306,33.06
2021-5-25 22:28:00,2021-5-26 05:56:00,1,21,61,18,7:16:00,13,8048,80.48
2021-5-26 23:32:00,2021-5-27 08:42:00,2,24,46,30,9:02:00,25,6396,63.96
2021-5-27 23:38:00,2021-5-28 08:03:00,2,17,65,18,8:03:00,25,2867,28.67
2021-5-28 22:40:00,2021-5-29 04:34:00,2,34,42,24,5:49:00,25,5083,50.83
2021-5-29 23:24:00,2021-5-30 08:00:00,1,22,54,24,8:32:00,13,6145,61.45
2021-5-30 00:16:00,2021-6-2 09:07:00,2,16,65,19,8:42:00,25,1002,10.02
2021-6-2 23:55:00,2021-6-3 07:30:00,1,15,63,22,7:10:00,13,7281,72.81
2021-6-3 22:53:00,2021-6-4 09:50:00,3,23,64,13,10:30:00,38,12132,121.32
2021-6-4 23:19:00,2021-6-5 08:22:00,3,25,46,29,8:40:00,38,4956,49.56
2021-6-5 00:12:00,2021-6-6 08:17:00,2,26,46,28,7:33:00,25,7676,76.76
2021-6-6 00:41:00,2021-6-7 10:44:00,3,25,59,16,9:27:00,38,12399,123.99
2021-6-7 00:01:00,2021-6-8 06:45:00,4,21,65,14,4:55:00,50,3291,32.91
2021-6-8 22:54:00,2021-6-9 07:32:00,1,21,61,18,8:25:00,13,823,8.23
2021-6-9 00:14:00,2021-6-10 06:04:00,2,17,66,17,5:21:00,25,9835,98.35
2021-6-10 01:30:00,2021-6-11 09:30:00,1,24,54,22,7:51:00,13,16416,164.16
2021-6-11 23:20:00,2021-6-12 09:06:00,2,25,56,19,9:08:00,25,10239,102.39
2021-6-12 00:24:00,2021-6-13 09:11:00,3,27,58,15,8:11:00,38,13308,133.08
2021-6-13 00:11:00,2021-6-14 08:26:00,1,18,57,25,7:50:00,13,16329,163.29
2021-6-14 23:42:00,2021-6-15 09:30:00,1,16,61,23,9:36:00,13,10261,102.61
2021-6-15 23:48:00,2021-6-16 06:16:00,1,21,56,23,6:15:00,13,12225,122.25
2021-6-16 23:39:00,2021-6-17 09:25:00,2,19,55,26,9:20:00,25,5928,59.28
2021-6-17 23:36:00,2021-6-18 07:34:00,2,22,60,18,7:36:00,25,4300,43
2021-6-18 23:26:00,2021-6-19 08:46:00,3,14,62,24,9:03:00,38,7754,77.54
2021-6-19 23:31:00,2021-6-20 08:41:00,3,17,64,19,8:55:00,38,14717,147.17
2021-6-20 23:37:00,2021-6-21 09:10:00,5,22,61,17,8:47:00,63,24911,249.11
2021-6-21 23:25:00,2021-6-22 08:02:00,4,18,62,20,7:44:00,50,2953,29.53
2021-6-22 23:34:00,2021-6-23 07:36:00,1,28,48,24,7:52:00,13,4081,40.81
2021-6-23 23:23:00,2021-6-24 08:30:00,2,20,61,19,8:54:00,25,5013,50.13
2021-6-24 23:09:00,2021-6-25 06:26:00,3,22,50,28,6:47:00,38,9016,90.16
2021-6-25 23:09:00,2021-6-26 07:06:00,1,22,59,19,7:41:00,13,3715,37.15
2021-6-26 00:14:00,2021-6-27 08:55:00,3,26,49,25,8:18:00,38,11843,118.43
2021-6-27 00:17:00,2021-6-28 09:22:00,4,19,47,34,8:35:00,50,16664,166.64
2021-6-28 23:22:00,2021-6-29 06:59:00,3,35,39,26,7:30:00,38,3704,37.04
2021-6-29 23:05:00,2021-6-30 06:59:00,2,17,59,24,7:44:00,25,3428,34.28
2021-6-30 23:00:00,2021-7-1 08:01:00,4,14,66,20,8:37:00,50,2489,24.89
2021-7-1 23:33:00,2021-7-2 07:12:00,1,15,60,25,7:33:00,13,3649,36.49
2021-7-2 22:53:00,2021-7-4 07:28:00,3,22,54,24,8:12:00,38,2762,27.62
2021-7-4 00:01:00,2021-7-5 06:39:00,2,23,46,31,6:19:00,25,6217,62.17
2021-7-5 23:13:00,2021-7-6 06:05:00,1,18,68,14,6:41:00,13,8176,81.76
2021-7-6 00:42:00,2021-7-7 07:31:00,1,23,62,15,7:32:00,13,4590,45.9
2021-7-7 23:14:00,2021-7-8 07:11:00,2,23,47,30,7:52:00,25,5932,59.32
2021-7-8 22:55:00,2021-7-9 07:30:00,2,14,62,24,8:24:00,25,4113,41.13
2021-7-9 23:24:00,2021-7-10 07:39:00,2,19,58,23,8:09:00,25,2285,22.85
2021-7-10 00:14:00,2021-7-11 10:01:00,2,20,60,20,9:35:00,25,17698,176.98
2021-7-11 00:11:00,2021-7-12 09:47:00,2,12,67,21,9:10:00,25,17510,175.1
2021-7-12 23:05:00,2021-7-13 06:24:00,2,19,57,24,7:05:00,25,2342,23.42
2021-7-13 23:25:00,2021-7-14 05:27:00,1,21,51,28,6:00:00,13,3825,38.25
2021-7-14 23:00:00,2021-7-15 07:00:00,2,21,63,16,7:47:00,25,6569,65.69
2021-7-15 23:00:00,2021-7-16 07:36:00,1,20,48,32,8:26:00,13,5834,58.34
2021-7-16 23:20:00,2021-7-17 07:38:00,3,22,55,23,7:58:00,38,4067,40.67
2021-7-17 23:38:00,2021-7-18 07:55:00,1,27,50,23,8:00:00,13,5943,59.43
2021-7-18 00:08:00,2021-7-19 10:12:00,2,20,59,21,9:41:00,25,9399,93.99
2021-7-19 22:56:00,2021-7-20 06:59:00,3,16,58,26,7:38:00,38,3175,31.75
2021-7-20 23:48:00,2021-7-21 07:35:00,3,14,64,22,7:21:00,38,7144,71.44
2021-7-21 23:15:00,2021-7-22 06:55:00,1,20,62,18,7:36:00,13,3185,31.85
2021-7-22 21:07:00,2021-7-23 06:59:00,1,25,56,19,7:30:00,13,7191,71.91
2021-7-23 23:43:00,2021-7-24 06:56:00,3,24,44,32,6:59:00,38,4089,40.89
2021-7-24 00:34:00,2021-7-25 08:23:00,2,29,41,30,7:30:00,25,21394,213.94
2021-7-25 00:54:00,2021-7-26 09:20:00,1,20,62,18,8:18:00,13,5404,54.04
2021-7-26 23:48:00,2021-7-27 07:01:00,1,27,47,26,6:55:00,13,2275,22.75
2021-7-27 23:02:00,2021-7-28 05:49:00,1,25,58,17,6:27:00,13,3998,39.98
2021-7-28 22:48:00,2021-7-29 07:36:00,1,21,58,21,8:37:00,13,7053,70.53
2021-7-29 23:19:00,2021-7-30 06:28:00,1,15,61,24,7:02:00,13,5088,50.88
2021-7-30 23:10:00,2021-7-31 07:21:00,2,21,56,23,8:04:00,25,3181,31.81
2021-7-31 00:43:00,2021-8-1 06:51:00,1,37,43,20,5:46:00,13,20632,206.32
2021-8-1 00:22:00,2021-8-2 10:46:00,2,23,49,28,10:05:00,25,18682,186.82
2021-8-2 23:32:00,2021-8-3 07:10:00,2,29,38,33,7:07:00,25,6958,69.58
2021-8-3 23:18:00,2021-8-4 07:11:00,1,27,46,27,7:52:00,13,3450,34.5
2021-8-4 23:07:00,2021-8-5 07:17:00,2,29,44,27,7:54:00,25,10041,100.41
2021-8-5 23:20:00,2021-8-6 07:01:00,1,17,56,27,7:37:00,13,4811,48.11
2021-8-6 23:15:00,2021-8-7 07:06:00,1,26,46,28,7:44:00,13,2848,28.48
2021-8-7 23:37:00,2021-8-8 09:01:00,2,21,60,19,9:06:00,25,18574,185.74
2021-8-8 00:23:00,2021-8-9 08:14:00,2,17,62,21,7:41:00,25,8342,83.42
2021-8-9 00:20:00,2021-8-11 10:17:00,3,13,63,24,9:15:00,38,19589,195.89
2021-8-11 23:07:00,2021-8-12 07:07:00,1,23,54,23,7:59:00,13,3670,36.7
2021-8-12 23:21:00,2021-8-13 08:01:00,3,15,67,18,8:10:00,38,10193,101.93
2021-8-13 23:38:00,2021-8-14 07:07:00,2,25,43,32,7:27:00,25,3716,37.16
2021-8-14 00:02:00,2021-8-15 09:14:00,2,16,53,31,8:57:00,25,17062,170.62
2021-8-15 00:33:00,2021-8-16 09:58:00,3,33,40,27,8:48:00,38,17105,171.05
2021-8-16 23:07:00,2021-8-17 07:05:00,2,15,63,22,7:43:00,25,7141,71.41
2021-8-17 23:17:00,2021-8-18 07:20:00,1,17,49,34,7:45:00,13,3488,34.88
2021-8-18 23:24:00,2021-8-19 07:17:00,1,13,72,15,7:43:00,13,12687,126.87
2021-8-19 23:48:00,2021-8-20 07:54:00,1,17,63,20,8:02:00,13,6306,63.06
2021-8-20 23:33:00,2021-8-21 07:34:00,1,18,48,34,7:56:00,13,2020,20.2
2021-8-21 23:35:00,2021-8-22 09:20:00,2,9,54,37,9:34:00,25,9897,98.97
2021-8-22 23:38:00,2021-8-23 09:43:00,1,18,60,22,9:43:00,13,5537,55.37
2021-8-23 23:19:00,2021-8-24 06:59:00,3,29,48,23,7:28:00,38,4422,44.22
2021-8-24 23:24:00,2021-8-25 07:53:00,3,19,56,25,8:14:00,38,4237,42.37
2021-8-25 23:02:00,2021-8-26 07:18:00,2,16,64,20,7:57:00,25,7906,79.06
2021-8-26 23:03:00,2021-8-27 07:33:00,1,23,50,27,8:06:00,13,2248,22.48
2021-8-27 23:30:00,2021-8-28 07:30:00,1,27,44,29,7:46:00,13,2319,23.19
2021-8-28 00:02:00,2021-8-29 09:17:00,2,8,60,32,8:57:00,25,10868,108.68
2021-8-29 00:46:00,2021-8-30 10:45:00,2,17,53,30,9:52:00,25,1207,12.07
2021-8-30 23:41:00,2021-8-31 07:29:00,2,18,60,22,7:30:00,25,1775,17.75
2021-8-31 23:17:00,2021-9-1 07:29:00,2,20,58,22,7:53:00,25,,0
2021-9-1 00:11:00,2021-9-2 07:34:00,2,17,59,24,7:18:00,25,5602,56.02
2021-9-2 23:12:00,2021-9-3 07:42:00,2,14,54,32,8:10:00,25,4513,45.13
2021-9-3 23:04:00,2021-9-4 07:27:00,2,9,66,25,8:11:00,25,2579,25.79
2021-9-4 00:17:00,2021-9-5 09:39:00,1,18,58,24,8:56:00,13,12101,121.01
2021-9-5 23:21:00,2021-9-6 06:41:00,3,23,64,13,7:03:00,38,7457,74.57
2021-9-6 23:22:00,2021-9-8 08:00:00,2,23,53,24,8:32:00,25,6843,68.43
2021-9-8 23:00:00,2021-9-9 07:17:00,1,24,60,16,8:12:00,13,5339,53.39
2021-9-9 23:26:00,2021-9-10 07:39:00,1,29,33,38,8:02:00,13,7603,76.03
2021-9-10 23:20:00,2021-9-11 07:44:00,2,17,60,23,8:05:00,25,5920,59.2
2021-9-11 23:58:00,2021-9-12 08:29:00,2,30,53,17,8:24:00,25,12595,125.95
2021-9-12 23:47:00,2021-9-13 08:48:00,1,21,62,17,8:37:00,13,5354,53.54
2021-9-13 23:36:00,2021-9-14 07:34:00,3,23,61,16,7:53:00,38,3334,33.34
2021-9-14 23:15:00,2021-9-16 07:48:00,2,22,59,19,8:08:00,25,3623,36.23
2021-9-16 23:42:00,2021-9-17 07:50:00,3,22,56,22,7:58:00,38,4942,49.42
2021-9-17 23:19:00,2021-9-18 07:53:00,3,22,66,12,8:06:00,38,3822,38.22
2021-9-18 23:59:00,2021-9-19 09:30:00,3,31,46,23,8:43:00,38,9599,95.99
2021-9-19 00:53:00,2021-9-20 09:54:00,3,9,59,32,8:38:00,38,2489,24.89
2021-9-20 23:41:00,2021-9-21 07:47:00,1,19,60,21,8:00:00,13,3047,30.47
2021-9-21 23:53:00,2021-9-22 07:44:00,2,25,57,18,7:36:00,25,6552,65.52
2021-9-22 23:30:00,2021-9-23 07:42:00,1,24,56,20,8:00:00,13,2733,27.33
2021-9-23 23:28:00,2021-9-24 07:47:00,1,24,49,27,8:15:00,13,3516,35.16
2021-9-24 00:26:00,2021-9-25 10:46:00,2,23,54,23,10:06:00,25,17810,178.1
2021-9-25 01:17:00,2021-9-26 09:55:00,2,25,58,17,8:27:00,25,13021,130.21
2021-9-26 00:36:00,2021-9-27 11:13:00,4,9,83,8,10:21:00,50,3544,35.44
2021-9-27 00:12:00,2021-9-28 07:58:00,3,19,70,11,7:30:00,38,6923,69.23
2021-9-28 23:08:00,2021-9-29 07:34:00,2,26,57,17,8:09:00,25,3007,30.07
2021-9-29 23:38:00,2021-9-30 07:37:00,1,23,51,26,7:30:00,13,5524,55.24
2021-9-30 05:56:00,2021-10-1 07:42:00,2,24,59,17,8:13:00,25,4388,43.88
2021-10-1 00:05:00,2021-10-2 07:28:00,1,26,56,18,7:16:00,13,7587,75.87
2021-10-2 23:59:00,2021-10-3 05:44:00,1,23,59,18,5:40:00,13,17273,172.73
2021-10-3 23:54:00,2021-10-5 11:30:00,2,16,60,24,10:56:00,25,6159,61.59
2021-10-5 23:45:00,2021-10-6 07:36:00,2,21,58,21,7:38:00,25,3273,32.73
2021-10-6 23:21:00,2021-10-7 07:31:00,1,18,64,18,8:09:00,13,2838,28.38
2021-10-7 23:15:00,2021-10-8 07:18:00,2,17,65,18,7:57:00,25,6725,67.25
2021-10-8 23:51:00,2021-10-9 07:43:00,1,30,52,18,7:47:00,13,4625,46.25
2021-10-9 23:33:00,2021-10-10 09:06:00,3,22,58,20,9:16:00,38,7096,70.96
2021-10-10 00:53:00,2021-10-11 09:23:00,2,29,45,26,8:23:00,25,6305,63.05
2021-10-11 23:58:00,2021-10-13 07:32:00,0,31,53,16,7:34:00,0,4331,43.31
2021-10-13 23:56:00,2021-10-14 07:49:00,3,16,58,26,7:31:00,38,3484,34.84
2021-10-14 23:28:00,2021-10-15 09:01:00,4,24,58,18,9:16:00,50,4079,40.79
2021-10-15 23:14:00,2021-10-17 07:41:00,3,25,56,19,7:57:00,38,7385,73.85
2021-10-17 20:31:00,2021-10-18 10:48:00,5,11,71,18,13:14:00,63,17223,172.23
2021-10-18 00:10:00,2021-10-19 07:45:00,2,22,53,25,6:58:00,25,2932,29.32
2021-10-19 23:26:00,2021-10-20 07:46:00,0,33,47,20,8:20:00,0,1196,11.96
2021-10-20 23:47:00,2021-10-21 07:57:00,1,21,50,29,8:01:00,13,2939,29.39
2021-10-21 23:44:00,2021-10-22 07:59:00,1,19,57,24,8:00:00,13,5574,55.74
2021-10-22 23:30:00,2021-10-23 07:36:00,3,13,53,34,7:42:00,38,2545,25.45
2021-10-23 23:30:00,2021-10-25 09:04:00,1,23,49,28,9:25:00,13,14691,146.91
2021-10-25 23:08:00,2021-10-26 07:34:00,2,21,49,30,8:03:00,25,7588,75.88
2021-10-26 23:15:00,2021-10-27 07:44:00,1,36,41,23,8:23:00,13,3808,38.08
2021-10-27 23:22:00,2021-10-28 07:29:00,1,25,54,21,7:53:00,13,3743,37.43
2021-10-28 23:28:00,2021-10-29 06:41:00,3,19,56,25,7:03:00,38,11647,116.47
2021-10-29 23:39:00,2021-10-30 07:19:00,2,15,54,31,7:33:00,25,2766,27.66
2021-10-30 00:09:00,2021-11-1 09:05:00,3,17,69,14,8:28:00,38,5859,58.59
2021-11-1 23:57:00,2021-11-2 07:48:00,1,10,55,35,7:50:00,13,10448,104.48
2021-11-2 22:54:00,2021-11-3 07:21:00,2,22,60,18,8:09:00,25,3470,34.7
2021-11-3 23:39:00,2021-11-4 07:22:00,1,17,64,19,7:34:00,13,6366,63.66
2021-11-4 23:42:00,2021-11-5 07:45:00,2,25,56,19,7:41:00,25,6877,68.77
2021-11-5 23:20:00,2021-11-6 07:32:00,1,25,50,25,7:59:00,13,5657,56.57
2021-11-6 23:56:00,2021-11-8 08:31:00,2,14,57,29,8:21:00,25,8783,87.83
2021-11-8 23:15:00,2021-11-9 07:21:00,2,23,59,18,7:56:00,25,6054,60.54
2021-11-9 00:20:00,2021-11-10 07:31:00,2,23,47,30,6:55:00,25,7038,70.38
2021-11-10 23:21:00,2021-11-11 07:34:00,1,33,41,26,8:10:00,13,3282,32.82
2021-11-11 23:39:00,2021-11-12 07:56:00,1,24,60,16,8:07:00,13,7839,78.39
2021-11-12 23:13:00,2021-11-13 07:26:00,2,31,51,18,8:03:00,25,5081,50.81
2021-11-13 23:29:00,2021-11-14 09:01:00,3,13,66,21,9:21:00,38,10396,103.96
2021-11-14 23:47:00,2021-11-16 09:34:00,2,22,52,26,9:32:00,25,9502,95.02
2021-11-16 23:30:00,2021-11-17 07:49:00,5,18,67,15,8:11:00,63,6693,66.93
2021-11-17 23:28:00,2021-11-18 07:35:00,2,16,63,21,7:55:00,25,10008,100.08
2021-11-18 23:13:00,2021-11-19 07:50:00,1,24,58,18,8:25:00,13,2225,22.25
2021-11-19 23:29:00,2021-11-20 07:47:00,1,28,51,21,8:06:00,13,9258,92.58
2021-11-20 00:23:00,2021-11-21 09:06:00,2,15,64,21,8:18:00,25,6629,66.29
2021-11-21 23:54:00,2021-11-22 11:41:00,2,25,55,20,11:13:00,25,6760,67.6
2021-11-22 00:12:00,2021-11-23 07:57:00,3,24,55,21,7:24:00,38,6126,61.26
2021-11-23 23:30:00,2021-11-24 07:57:00,3,27,59,14,8:17:00,38,4394,43.94
2021-11-24 23:18:00,2021-11-25 06:54:00,2,20,56,24,7:31:00,25,8123,81.23
2021-11-25 23:35:00,2021-11-26 07:53:00,2,16,56,28,8:05:00,25,15100,151
2021-11-26 23:49:00,2021-11-27 06:58:00,1,28,46,26,7:08:00,13,9238,92.38
2021-11-27 23:57:00,2021-11-28 08:08:00,2,23,62,15,7:58:00,25,18297,182.97
2021-11-28 02:24:00,2021-11-29 10:13:00,2,23,57,20,7:42:00,25,13448,134.48
2021-11-29 23:51:00,2021-11-30 07:59:00,2,26,52,22,8:03:00,25,7357,73.57
2021-11-30 23:53:00,2021-12-2 07:49:00,2,22,60,18,7:47:00,25,2019,20.19
2021-12-2 23:52:00,2021-12-3 07:50:00,2,20,51,29,7:51:00,25,11409,114.09
2021-12-3 23:37:00,2021-12-4 06:51:00,1,25,49,26,7:09:00,13,4574,45.74
2021-12-4 00:14:00,2021-12-5 08:18:00,1,20,70,10,8:00:00,13,12239,122.39
2021-12-5 00:31:00,2021-12-6 08:59:00,2,26,56,18,8:09:00,25,14739,147.39
2021-12-6 23:48:00,2021-12-7 07:06:00,2,28,53,19,7:01:00,25,5696,56.96
2021-12-7 23:41:00,2021-12-9 07:30:00,1,31,50,19,6:15:00,13,2987,29.87
2021-12-9 23:50:00,2021-12-10 06:47:00,1,21,62,17,6:55:00,13,2805,28.05
2021-12-10 01:02:00,2021-12-11 07:24:00,2,5,68,27,6:11:00,25,7440,74.4
2021-12-11 00:00:00,2021-12-12 08:56:00,1,26,55,19,8:50:00,13,7638,76.38
2021-12-12 08:00:00,2021-12-13 09:03:00,1,20,53,27,8:08:00,13,4490,44.9
2021-12-13 23:12:00,2021-12-14 07:36:00,2,36,39,25,8:17:00,25,5768,57.68
2021-12-14 23:15:00,2021-12-15 07:29:00,2,17,68,15,7:52:00,25,6442,64.42
2021-12-15 23:35:00,2021-12-16 07:10:00,1,22,62,16,7:30:00,13,4470,44.7
2021-12-16 00:02:00,2021-12-17 09:22:00,1,21,49,30,9:11:00,13,11228,112.28
2021-12-17 00:27:00,2021-12-18 08:30:00,2,18,63,19,7:56:00,25,7408,74.08
2021-12-18 01:02:00,2021-12-19 08:04:00,1,18,58,24,6:57:00,13,8173,81.73
2021-12-19 00:01:00,2021-12-21 08:29:00,3,16,62,22,8:05:00,38,7022,70.22
2021-12-21 23:53:00,2021-12-20 07:42:00,2,29,47,24,7:31:00,25,10635,106.35
2021-12-20 23:42:00,2021-12-22 07:27:00,1,16,64,20,7:39:00,13,7355,73.55
2021-12-22 23:45:00,2021-12-23 07:31:00,1,17,65,18,7:31:00,13,12004,120.04
2021-12-23 23:56:00,2021-12-25 07:25:00,0,22,61,17,7:29:00,0,6737,67.37
2021-12-25 01:30:00,2021-12-26 09:00:00,1,17,17,21,7:27:00,13,10040,100.4
2021-12-26 01:08:00,2021-12-27 09:49:00,3,18,64,18,8:20:00,38,10577,105.77
2021-12-27 01:19:00,2021-12-28 09:53:00,2,9,67,24,8:08:00,25,5241,52.41
2021-12-28 07:43:00,2021-12-29 00:02:00,1,16,65,19,7:34:00,13,9356,93.56
2021-12-29 23:20:00,2021-12-30 07:30:00,2,16,52,32,7:52:00,25,6664,66.64
2021-12-30 23:41:00,2021-12-31 07:48:00,3,16,71,13,7:41:00,38,8667,86.67
2021-12-31 23:41:00,2022-1-1 07:35:00,4,18,66,16,7:40:00,50,9059,90.59
2022-1-1 02:04:00,2022-1-4 11:52:00,2,24,61,15,9:17:00,,3519,35.19
2022-1-4 23:35:00,2022-1-5 07:48:00,1,17,66,17,7:44:00,13,8934,89.34
2022-1-5 00:14:00,2022-1-6 07:52:00,6,16,55,29,9:34:00,75,4526,45.26
2022-1-6 00:04:00,2022-1-7 07:35:00,0,0,97,3,10:18:00,0,4457,44.57
2022-1-7 23:40:00,2022-1-8 07:35:00,5,23,57,20,8:36:00,63,4817,48.17
2022-1-8 01:11:00,2022-1-10 10:15:00,3,16,67,17,10:27:00,38,9030,90.3
2022-1-10 04:50:00,2022-1-9 13:20:00,5,29,48,23,9:31:00,63,6326,63.26
2022-1-9 23:56:00,2022-1-11 07:31:00,3,17,60,23,7:38:00,38,13234,132.34
2022-1-11 23:37:00,2022-1-12 07:29:00,3,24,58,18,8:50:00,38,5303,53.03
2022-1-12 00:12:00,2022-1-23 07:29:00,5,13,75,12,7:50:00,63,5000,50
2022-1-23 01:09:00,2022-1-24 10:35:00,2,22,61,17,9:52:00,25,9909,99.09
2022-1-24 23:58:00,2022-1-25 07:29:00,2,23,60,17,8:52:00,25,5333,53.33
2022-1-25 23:21:00,2022-1-26 08:00:00,2,21,62,17,7:41:00,25,3658,36.58
2022-1-26 00:25:00,2022-1-27 07:30:00,2,17,61,22,8:31:00,25,5674,56.74
2022-1-27 23:26:00,2022-1-28 06:21:00,1,28,50,22,7:27:00,13,4674,46.74
2022-1-28 23:05:00,2022-1-29 08:09:00,4,14,55,31,8:58:00,50,4654,46.54
2022-1-29 00:14:00,2022-1-30 08:36:00,3,20,61,19,8:03:00,38,8439,84.39
2022-1-30 01:44:00,2022-1-31 10:53:00,1,21,56,23,7:25:00,13,5364,53.64
2022-1-31 00:30:00,2022-2-1 07:50:00,5,13,69,18,7:49:00,63,3519,35.19
2022-2-1 00:02:00,2022-2-2 07:29:00,2,18,63,19,8:52:00,25,4289,42.89
2022-2-2 00:25:00,2022-2-3 07:30:00,3,13,63,24,8:14:00,38,3754,37.54
2022-2-3 00:00:00,2022-2-4 07:29:00,7,11,73,16,8:47:00,88,6854,68.54
2022-2-4 00:19:00,2022-2-5 07:30:00,2,23,56,21,6:02:00,25,4266,42.66
2022-2-5 23:59:00,2022-2-6 09:17:00,2,27,45,28,8:19:00,25,6741,67.41
2022-2-6 08:35:00,2022-2-7 00:26:00,2,35,43,22,7:59:00,25,8259,82.59
2022-2-7 23:30:00,2022-2-8 07:43:00,1,28,51,21,8:18:00,13,9844,98.44
2022-2-8 00:06:00,2022-2-9 07:29:00,0,2,96,2,14:11:00,0,4494,44.94
2022-2-9 04:42:00,2022-2-10 07:48:00,3,16,75,9,7:29:00,38,5708,57.08
2022-2-10 23:44:00,2022-2-11 07:47:00,4,14,68,18,9:47:00,50,3274,32.74
2022-2-11 23:37:00,2022-2-12 07:35:00,3,15,68,17,8:22:00,38,1499,14.99
2022-2-12 01:12:00,2022-2-13 09:48:00,5,32,44,24,7:52:00,63,5904,59.04
2022-2-13 00:56:00,2022-2-14 10:53:00,3,26,51,23,9:01:00,38,8390,83.9
2022-2-14 00:19:00,2022-2-15 07:29:00,3,20,57,23,8:05:00,38,10621,106.21
2022-2-15 00:20:00,2022-2-16 07:35:00,3,28,51,21,9:17:00,38,4409,44.09
2022-2-16 22:15:00,2022-2-17 07:35:00,3,13,55,32,9:15:00,38,1893,18.93
2022-2-17 23:48:00,2022-2-19 07:16:00,4,36,45,19,8:26:00,50,5054,50.54
2022-2-19 00:45:00,2022-2-20 08:00:00,3,29,43,28,9:31:00,38,7956,79.56
2022-2-20 20:00:00,2022-2-21 06:00:00,4,27,47,26,8:51:00,50,5440,54.4
2022-2-21 23:39:00,2022-2-22 07:45:00,3,17,63,20,7:39:00,38,5411,54.11
2022-2-22 23:43:00,2022-2-23 08:00:00,3,21,52,27,9:05:00,38,4574,45.74
2022-2-23 23:35:00,2022-2-24 10:51:00,6,15,66,19,9:56:00,75,2514,25.14
2022-2-24 20:00:00,2022-2-25 09:45:00,2,19,59,22,8:23:00,25,5060,50.6
2022-2-25 00:20:00,2022-2-26 09:17:00,5,21,57,22,8:23:00,63,6465,64.65
2022-2-26 22:56:00,2022-2-28 04:10:00,6,17,56,27,9:15:00,75,16382,163.82
2022-2-28 00:53:00,2022-3-2 07:38:00,3,27,48,25,8:04:00,38,2810,28.1
2022-3-2 07:28:00,2022-3-3 00:25:00,1,27,54,19,5:17:00,13,7735,77.35
2022-3-3 23:34:00,2022-3-4 10:34:00,4,19,63,18,11:01:00,50,4698,46.98
2022-3-4 23:46:00,2022-3-5 07:31:00,5,16,62,22,4:46:00,63,6746,67.46
2022-3-5 00:54:00,2022-3-6 10:08:00,5,16,63,21,9:46:00,63,6392,63.92
2022-3-6 00:50:00,2022-3-7 10:25:00,6,19,54,27,9:15:00,75,11050,110.5
2022-3-7 00:19:00,2022-3-8 05:30:00,5,29,47,24,8:04:00,63,6135,61.35
2022-3-8 23:59:00,2022-3-9 07:29:00,6,25,52,23,11:04:00,75,4712,47.12
2022-3-9 23:45:00,2022-3-10 07:48:00,7,23,55,22,9:41:00,88,9175,91.75
2022-3-10 22:53:00,2022-3-11 06:33:00,4,16,73,11,9:30:00,50,6664,66.64
2022-3-11 23:25:00,2022-3-12 07:56:00,2,20,64,16,9:46:00,25,4086,40.86
2022-3-12 00:46:00,2022-3-13 10:28:00,5,24,58,18,9:37:00,63,10407,104.07
2022-3-13 00:35:00,2022-3-14 10:29:00,1,18,63,19,11:18:00,13,6752,67.52
2022-3-14 23:42:00,2022-3-15 07:25:00,0,4,84,12,14:25:00,0,3161,31.61
2022-3-15 23:23:00,2022-3-16 07:29:00,5,27,57,16,7:05:00,63,11041,110.41
2022-3-16 00:45:00,2022-3-17 06:22:00,0,1,96,3,9:19:00,0,6052,60.52
2022-3-17 23:04:00,2022-3-18 07:43:00,3,21,70,9,9:11:00,38,6333,63.33
2022-3-18 00:01:00,2022-3-19 09:31:00,2,22,53,25,7:58:00,25,5596,55.96
2022-3-19 23:34:00,2022-3-20 09:25:00,4,20,61,19,10:11:00,50,4806,48.06
2022-3-20 00:45:00,2022-3-21 09:08:00,4,25,52,23,8:07:00,50,7513,75.13
2022-3-21 22:01:00,2022-3-22 09:04:00,3,24,56,20,9:04:00,38,5657,56.57
2022-3-22 23:23:00,2022-3-23 07:26:00,7,18,65,17,9:37:00,88,8036,80.36
2022-3-23 00:42:00,2022-3-24 07:35:00,2,23,51,26,8:24:00,25,4049,40.49
2022-3-24 04:01:00,2022-3-25 07:48:00,3,22,56,22,9:52:00,38,4978,49.78
2022-3-25 23:53:00,2022-3-26 08:11:00,4,35,45,20,8:05:00,50,4805,48.05
2022-3-26 00:00:00,2022-3-27 09:30:00,2,20,61,19,8:56:00,25,7854,78.54
2022-3-27 01:00:00,2022-3-28 09:27:00,4,24,62,14,9:21:00,50,5517,55.17
2022-3-28 23:31:00,2022-3-29 07:33:00,3,27,46,27,8:00:00,38,3571,35.71
2022-3-29 22:33:00,2022-3-30 07:51:00,4,21,52,27,8:31:00,50,3818,38.18
2022-3-30 23:43:00,2022-3-31 07:59:00,4,35,41,24,10:06:00,50,5676,56.76
2022-3-31 23:36:00,2022-4-1 07:47:00,6,20,68,12,9:18:00,75,4463,44.63
2022-4-1 23:28:00,2022-4-2 07:42:00,7,17,52,31,8:29:00,88,4445,44.45
2022-4-2 23:28:00,2022-4-3 09:44:00,3,18,60,22,10:08:00,38,6655,66.55
2022-4-3 00:27:00,2022-4-4 09:46:00,3,17,67,16,9:53:00,38,5814,58.14
2022-4-4 23:36:00,2022-4-5 07:50:00,6,27,52,21,8:09:00,75,2319,23.19
2022-4-5 23:49:00,2022-4-6 07:56:00,4,15,66,19,11:35:00,50,2148,21.48
2022-4-6 23:40:00,2022-4-8 07:54:00,1,29,49,22,6:56:00,13,6508,65.08
2022-4-8 23:20:00,2022-4-9 07:50:00,2,18,74,8,5:27:00,25,4181,41.81
2022-4-9 23:35:00,2022-4-10 09:04:00,5,7,63,30,10:45:00,63,6570,65.7
2022-4-10 23:53:00,2022-4-12 07:43:00,1,12,62,26,6:50:00,13,10431,104.31
2022-4-12 23:41:00,2022-4-13 08:03:00,2,24,63,13,5:59:00,25,9476,94.76
2022-4-13 23:25:00,2022-4-14 08:16:00,5,19,53,28,9:36:00,63,4838,48.38
2022-4-14 23:26:00,2022-4-16 07:31:00,6,29,51,20,9:54:00,75,11542,115.42
2022-4-16 20:00:00,2022-4-18 10:21:00,4,19,62,19,8:52:00,50,6898,68.98
2022-4-18 20:48:00,2022-4-19 07:48:00,4,11,61,28,10:01:00,50,7097,70.97
2022-4-19 23:22:00,2022-4-22 09:29:00,3,24,55,21,10:08:00,38,11862,118.62
2022-4-22 00:26:00,2022-4-23 10:05:00,1,15,68,17,10:34:00,13,10764,107.64
2022-4-23 00:19:00,2022-4-24 09:35:00,3,34,42,24,7:49:00,38,7916,79.16
2022-4-24 01:09:00,2022-4-25 10:41:00,2,24,68,8,9:42:00,25,5564,55.64
2022-4-25 00:19:00,2022-4-27 10:46:00,2,11,78,11,8:40:00,25,6229,62.29
2022-4-27 00:04:00,2022-4-29 12:17:00,2,31,53,16,10:13:00,25,,0
2022-4-29 23:51:00,2022-4-30 10:49:00,2,21,60,19,8:33:00,25,,0
2022-4-30 00:54:00,2022-5-2 06:45:00,4,30,49,21,7:46:00,50,,0
2022-5-2 06:42:00,2022-5-3 11:25:00,3,37,41,22,5:55:00,38,7315,73.15
2022-5-3 23:27:00,2022-5-4 07:17:00,3,20,51,29,6:03:00,38,3297,32.97
2022-5-4 03:12:00,2022-5-5 07:28:00,1,25,50,25,9:20:00,13,5068,50.68
2022-5-5 22:49:00,2022-5-6 07:49:00,2,24,50,26,9:19:00,25,5719,57.19
2022-5-6 23:29:00,2022-5-7 07:03:00,5,19,66,15,9:54:00,63,4964,49.64
2022-5-7 00:38:00,2022-5-8 08:00:00,4,20,58,22,10:14:00,50,2441,24.41
2022-5-8 20:00:00,2022-5-9 08:00:00,2,16,70,14,7:44:00,25,2745,27.45
2022-5-9 20:00:00,2022-5-10 07:56:00,5,25,58,17,10:29:00,63,7442,74.42
2022-5-10 00:04:00,2022-5-11 07:28:00,3,20,56,24,7:37:00,38,4963,49.63
2022-5-11 23:25:00,2022-5-12 06:30:00,4,20,47,33,9:02:00,50,4427,44.27
2022-5-12 23:47:00,2022-5-13 07:22:00,5,11,75,14,8:40:00,63,3698,36.98
2022-5-13 23:03:00,2022-5-14 07:30:00,1,19,54,27,7:28:00,13,4270,42.7
2022-5-14 23:41:00,2022-5-15 10:03:00,5,27,63,10,7:34:00,63,10620,106.2
2022-5-15 23:50:00,2022-5-16 07:56:00,4,22,59,19,9:48:00,50,4217,42.17
2022-5-16 23:27:00,2022-5-17 07:14:00,3,13,72,15,7:37:00,38,3845,38.45
2022-5-17 23:06:00,2022-5-18 08:01:00,3,12,64,24,10:08:00,38,3452,34.52
2022-5-18 23:07:00,2022-5-19 07:59:00,3,24,54,22,9:02:00,38,4902,49.02
2022-5-19 23:08:00,2022-5-20 06:31:00,5,37,45,18,9:37:00,63,4289,42.89
2022-5-20 23:04:00,2022-5-21 06:30:00,5,38,43,19,7:43:00,63,7318,73.18
2022-5-21 01:01:00,2022-5-22 09:26:00,2,26,46,28,8:10:00,25,6255,62.55
2022-5-22 00:50:00,2022-5-23 10:08:00,3,28,43,29,7:39:00,38,9902,99.02
2022-5-23 00:28:00,2022-5-24 06:29:00,0,21,61,18,6:30:00,0,6918,69.18
2022-5-24 23:35:00,2022-5-25 06:19:00,5,25,54,21,8:58:00,63,3434,34.34
2022-5-25 22:52:00,2022-5-26 07:35:00,4,24,57,19,7:38:00,50,4093,40.93
2022-5-26 23:40:00,2022-5-27 06:00:00,2,13,54,33,9:38:00,25,7489,74.89
2022-5-27 22:47:00,2022-5-28 07:23:00,3,24,46,30,8:21:00,38,5503,55.03
2022-5-28 00:01:00,2022-5-29 09:54:00,2,16,54,30,6:11:00,25,7849,78.49
2022-5-29 00:42:00,2022-5-29 09:59:00,2,33,41,26,8:37:00,25,4913,49.13
2022-5-29 23:28:00,2022-5-31 07:29:00,3,32,39,29,6:29:00,38,7605,76.05
2022-5-31 23:16:00,2022-6-1 05:46:00,2,17,67,16,5:52:00,25,3787,37.87
2022-6-1 23:50:00,2022-6-2 07:55:00,2,19,63,18,8:59:00,25,2708,27.08
2022-6-2 23:50:00,2022-6-3 08:05:00,1,16,64,20,8:21:00,13,5419,54.19
2022-6-3 23:11:00,2022-6-4 07:20:00,2,21,69,10,7:11:00,25,3953,39.53
2022-6-4 23:48:00,2022-6-5 10:02:00,1,24,59,17,7:15:00,13,2495,24.95
2022-6-5 00:29:00,2022-6-6 09:50:00,2,29,48,23,8:41:00,25,6243,62.43
2022-6-6 02:11:00,2022-6-7 10:04:00,2,25,54,21,8:00:00,25,8614,86.14
2022-6-7 23:47:00,2022-6-8 07:35:00,2,23,56,21,7:37:00,25,7295,72.95
2022-6-8 23:09:00,2022-6-9 09:23:00,2,18,70,12,8:02:00,25,5300,53
2022-6-9 23:42:00,2022-6-10 07:47:00,2,29,46,25,10:12:00,25,11155,111.55
2022-6-10 00:04:00,2022-6-11 07:41:00,2,19,62,19,8:14:00,25,7758,77.58
2022-6-11 01:52:00,2022-6-12 10:51:00,2,18,59,23,7:15:00,25,4948,49.48
2022-6-12 00:38:00,2022-6-13 10:11:00,2,26,59,15,6:42:00,25,5857,58.57
2022-6-13 23:08:00,2022-6-14 07:02:00,2,28,49,23,7:13:00,25,3896,38.96
2022-6-14 00:13:00,2022-6-15 12:11:00,4,21,65,14,10:24:00,50,3248,32.48
2022-6-15 23:38:00,2022-6-16 08:09:00,2,9,76,15,19:06:00,25,6997,69.97
2022-6-16 00:33:00,2022-6-17 11:29:00,3,15,70,15,9:50:00,38,4613,46.13
2022-6-17 01:29:00,2022-6-18 12:28:00,2,13,59,28,7:22:00,25,4567,45.67
2022-6-18 00:37:00,2022-6-19 10:15:00,4,19,65,16,8:42:00,50,1973,19.73
2022-6-19 01:18:00,2022-6-20 10:42:00,1,15,78,7,4:04:00,13,9158,91.58
2022-6-20 00:45:00,2022-6-21 06:59:00,3,31,49,20,7:32:00,38,2854,28.54
2022-6-21 00:01:00,2022-6-22 00:06:42,2,22,62,16,4:40:00,25,6239,62.39
2022-6-22 23:46:00,2022-6-23 07:52:00,2,20,56,24,5:34:00,25,7511,75.11
2022-6-23 23:42:00,2022-6-24 08:31:00,3,20,58,22,10:44:00,38,10473,104.73
2022-6-24 22:52:00,2022-6-25 09:07:00,8,19,68,13,10:40:00,100,3963,39.63
2022-6-25 23:44:00,2022-6-26 08:34:00,4,26,51,23,9:53:00,50,4402,44.02
2022-6-26 23:11:00,2022-6-27 09:07:00,3,16,67,17,9:14:00,38,13163,131.63
2022-6-27 23:36:00,2022-6-28 07:50:00,8,18,66,16,8:41:00,100,9669,96.69
2022-6-28 23:23:00,2022-6-30 10:02:00,5,24,49,27,9:18:00,63,5920,59.2
2022-6-30 23:25:00,2022-7-1 09:53:00,3,16,62,22,9:48:00,38,10240,102.4
2022-7-1 23:16:00,2022-7-3 09:33:00,3,18,64,18,10:15:00,38,1279,12.79
2022-7-3 00:10:00,2022-7-4 09:14:00,1,0,97,3,14:20:00,13,4662,46.62
2022-7-4 23:40:00,2022-7-5 10:58:00,2,25,52,23,7:37:00,25,4844,48.44
2022-7-5 22:02:00,2022-7-6 09:37:00,4,12,72,16,8:20:00,50,4477,44.77
2022-7-6 23:35:00,2022-7-8 09:28:00,2,18,63,19,7:47:00,25,6344,63.44
2022-7-8 04:43:00,2022-7-7 07:01:00,4,26,54,20,9:36:00,50,6770,67.7
2022-7-7 23:56:00,2022-7-9 06:27:00,2,37,45,18,7:38:00,25,5258,52.58
2022-7-9 23:33:00,2022-7-10 10:34:00,2,11,57,32,9:16:00,25,5955,59.55
2022-7-10 00:08:00,2022-7-13 05:44:00,2,23,62,15,8:22:00,25,6398,63.98
2022-7-13 00:47:00,2022-7-14 10:39:00,2,19,60,21,8:07:00,25,4621,46.21
2022-7-14 23:51:00,2022-7-15 06:53:00,3,21,67,12,7:39:00,38,1079,10.79
2022-7-15 23:14:00,2022-7-16 08:00:00,5,15,70,15,10:48:00,63,9210,92.1
2022-7-16 01:21:00,2022-7-17 09:54:00,3,22,55,23,8:06:00,38,9191,91.91
2022-7-17 01:00:00,2022-7-18 11:07:00,4,18,56,26,8:56:00,50,3635,36.35
2022-7-18 23:55:00,2022-7-19 10:30:00,4,19,65,16,9:55:00,50,6766,67.66
2022-7-19 01:01:00,2022-7-20 10:18:00,2,35,43,22,8:06:00,25,4646,46.46
2022-7-20 20:36:00,2022-7-21 07:30:00,4,19,66,15,7:54:00,50,14832,148.32
2022-7-21 23:45:00,2022-7-23 10:14:00,2,20,61,19,8:00:00,25,3755,37.55
2022-7-23 01:15:00,2022-7-22 09:43:00,3,13,67,20,9:03:00,38,4790,47.9
2022-7-22 23:42:00,2022-7-26 08:27:00,2,13,56,31,7:16:00,25,4123,41.23
2022-7-26 22:25:00,2022-7-28 09:18:00,4,11,68,21,8:06:00,50,4312,43.12
2022-7-28 00:13:00,2022-7-29 09:22:00,3,14,60,26,9:10:00,38,4246,42.46
2022-7-29 01:23:00,2022-7-30 09:49:00,2,10,76,14,8:09:00,25,7516,75.16
2022-7-30 00:52:00,2022-7-31 11:06:00,0,21,58,21,3:47:00,0,4009,40.09
2022-7-31 01:37:00,2022-8-1 10:23:00,2,12,63,25,6:04:00,25,9925,99.25
2022-8-1 00:11:00,2022-8-2 10:12:00,3,16,66,18,7:51:00,38,5498,54.98
2022-8-2 01:09:00,2022-8-3 10:29:00,6,16,62,22,10:42:00,75,5007,50.07
2022-8-3 22:59:00,2022-8-6 07:27:00,2,13,63,24,8:10:00,25,1654,16.54
2022-8-6 23:47:00,2022-8-7 10:28:00,4,16,60,24,9:13:00,50,4953,49.53
2022-8-7 00:59:00,2022-8-8 09:43:00,3,12,67,21,8:54:00,38,8864,88.64
2022-8-8 00:03:00,2022-8-9 10:29:00,3,16,71,13,8:21:00,38,6411,64.11
2022-8-9 00:41:00,2022-8-10 10:00:00,1,18,66,16,3:38:00,13,4568,45.68
2022-8-10 02:23:00,2022-8-11 10:38:00,3,22,56,22,7:59:00,38,9802,98.02
2022-8-11 02:50:00,2022-8-12 08:00:00,3,20,64,16,7:29:00,38,1273,12.73
2022-8-12 20:00:00,2022-8-13 11:43:00,4,18,69,13,9:22:00,50,7713,77.13
2022-8-13 01:01:00,2022-8-14 11:22:00,2,18,60,22,9:15:00,25,3665,36.65
2022-8-14 02:08:00,2022-8-16 12:14:00,4,29,49,22,8:04:00,50,9480,94.8
2022-8-16 00:34:00,2022-8-18 10:24:00,3,21,59,20,7:15:00,38,4248,42.48
2022-8-18 23:49:00,2022-8-19 10:14:00,3,18,61,21,6:43:00,38,3776,37.76
2022-8-19 00:25:00,2022-8-20 12:08:00,3,17,68,15,7:00:00,38,3878,38.78
2022-8-20 01:41:00,2022-8-21 10:20:00,4,15,73,12,9:54:00,50,12411,124.11
2022-8-21 00:38:00,2022-8-22 10:57:00,4,13,79,8,9:23:00,50,6552,65.52
2022-8-22 00:59:00,2022-8-23 11:23:00,2,22,57,21,8:52:00,25,3563,35.63
2022-8-23 01:45:00,2022-8-24 08:36:00,3,27,55,18,7:16:00,38,7068,70.68
2022-8-24 23:46:00,2022-8-25 11:09:00,4,22,66,12,10:21:00,50,4781,47.81
2022-8-25 02:50:00,2022-8-28 08:15:00,2,15,65,20,6:53:00,25,11666,116.66
2022-8-28 02:11:00,2022-8-29 10:32:00,2,19,60,21,6:38:00,25,8746,87.46
2022-8-29 00:43:00,2022-8-30 10:35:00,0,2,95,3,5:14:00,0,4452,44.52
2022-8-30 00:08:00,2022-8-31 09:13:00,3,11,72,17,8:33:00,38,5733,57.33
2022-8-31 00:52:00,2022-9-2 09:39:00,5,10,75,15,11:59:00,63,3243,32.43
2022-9-2 00:59:00,2022-9-3 10:23:00,4,16,67,17,9:53:00,50,5338,53.38
2022-9-3 00:10:00,2022-9-4 11:15:00,4,13,75,12,16:59:00,50,5779,57.79
2022-9-4 01:37:00,2022-9-5 09:32:00,4,22,66,12,7:30:00,50,2127,21.27
2022-9-5 23:48:00,2022-9-6 09:12:00,0,0,98,2,20:00:00,0,7777,77.77
2022-9-6 23:03:00,2022-9-8 09:00:00,4,13,78,9,14:49:00,50,5820,58.2
2022-9-8 23:26:00,2022-9-9 08:27:00,2,24,60,16,7:13:00,25,11696,116.96
2022-9-9 23:35:00,2022-9-10 09:06:00,3,16,68,16,8:07:00,38,8176,81.76
2022-9-10 23:24:00,2022-9-11 09:08:00,1,12,68,20,7:05:00,13,4534,45.34
2022-9-11 00:36:00,2022-9-12 09:09:00,3,14,63,23,6:48:00,38,9804,98.04
2022-9-12 23:38:00,2022-9-13 09:04:00,2,11,73,16,9:27:00,25,9219,92.19
2022-9-13 23:59:00,2022-9-15 08:11:00,2,17,67,16,8:17:00,25,5151,51.51
2022-9-15 22:54:00,2022-9-16 07:30:00,7,17,61,22,7:35:00,88,9536,95.36
2022-9-16 23:13:00,2022-9-17 09:29:00,4,24,60,16,6:48:00,50,6453,64.53
2022-9-17 23:51:00,2022-9-18 09:54:00,1,30,51,19,3:05:00,13,10235,102.35
2022-9-18 00:02:00,2022-9-25 14:13:00,2,27,47,26,7:16:00,25,2702,27.02
2022-9-25 01:37:00,2022-9-26 09:59:00,3,25,60,15,7:51:00,38,3551,35.51
2022-9-26 00:20:00,2022-9-27 08:58:00,1,20,60,20,8:03:00,13,13679,136.79
2022-9-27 23:30:00,2022-9-28 08:04:00,2,11,65,24,9:00:00,25,4118,41.18
2022-9-28 00:13:00,2022-9-29 06:52:00,1,26,51,23,7:07:00,13,8440,84.4
2022-9-29 23:26:00,2022-9-30 09:43:00,2,14,69,17,7:16:00,25,6603,66.03
2022-9-30 23:40:00,2022-10-1 08:18:00,1,11,64,25,6:59:00,13,5107,51.07
2022-10-1 23:59:00,2022-10-2 09:09:00,1,19,65,16,7:11:00,13,12322,123.22
2022-10-2 01:20:00,2022-10-4 09:38:00,2,25,56,19,7:08:00,25,1921,19.21
2022-10-4 02:14:00,2022-10-5 09:54:00,3,18,57,25,8:51:00,38,3706,37.06
2022-10-5 00:56:00,2022-10-6 09:12:00,2,12,73,15,8:08:00,25,8784,87.84
2022-10-6 00:10:00,2022-10-7 09:38:00,2,9,66,25,8:50:00,25,8465,84.65
2022-10-7 07:44:00,2022-10-8 00:09:00,3,14,76,10,6:40:00,38,6624,66.24
2022-10-8 01:24:00,2022-10-9 10:11:00,1,16,72,12,6:58:00,13,16440,164.4
2022-10-9 02:20:00,2022-10-10 10:11:00,2,15,67,18,8:30:00,25,5905,59.05
2022-10-10 23:38:00,2022-10-11 08:57:00,3,18,58,24,7:12:00,38,10392,103.92
2022-10-11 23:38:00,2022-10-12 09:50:00,1,25,54,21,9:18:00,13,6232,62.32
2022-10-12 00:28:00,2022-10-13 08:45:00,2,14,61,25,7:03:00,25,5694,56.94
2022-10-13 23:50:00,2022-10-14 08:56:00,1,18,61,21,7:46:00,13,7738,77.38
2022-10-14 00:28:00,2022-10-15 08:22:00,3,27,52,21,8:15:00,38,9502,95.02
2022-10-15 23:44:00,2022-10-16 09:56:00,2,25,55,20,7:13:00,25,5004,50.04
2022-10-16 23:02:00,2022-10-17 10:35:00,2,19,67,14,8:55:00,25,5543,55.43
2022-10-17 23:50:00,2022-10-18 08:44:00,1,26,53,21,7:36:00,13,8384,83.84
2022-10-18 23:45:00,2022-10-19 10:03:00,2,29,53,18,7:18:00,25,6538,65.38
2022-10-19 23:20:00,2022-10-20 09:25:00,2,13,63,24,7:28:00,25,8366,83.66
2022-10-20 23:47:00,2022-10-21 09:27:00,1,21,57,22,7:58:00,13,3044,30.44